10010.com.pcap,
10086.cn.pcap,
10jqka.com.cn.pcap,
10x10.co.kr.pcap,
11st.co.kr.pcap,
126.com.pcap,
135editor.com.pcap,
13dl.net.pcap,
145mov.com.pcap,
178.com.pcap,
17house.com.pcap,
17ok.com.pcap,
189.cn.pcap,
1c.ru.pcap,
1plus1tv.ru.pcap,
2025china.cn.pcap,
21csp.com.cn.pcap,
234tuu.com.pcap,
24smi.info.pcap,
2ch-c.net.pcap,
2m.ma.pcap,
360daily.com.pcap,
360doc.com.pcap,
360kan.com.pcap,
39.net.pcap,
4channel.org.pcap,
4chan.org.pcap,
4pda.ru.pcap,
4snip.pw.pcap,
51auto.com.pcap,
51cto.com.pcap,
51sole.com.pcap,
52pk.com.pcap,
5ch.net.pcap,
5iyingxiao.com.pcap,
60fps.live.pcap,
61ef.cn.pcap,
66cruises.com.pcap,
67543.cn.pcap,
6789.com.pcap,
7jiu.com.hk.pcap,
7tian.tv.pcap,
80018.cn.pcap,
800hr.com.pcap,
8maple.ru.pcap,
90tiyu.com.pcap,
91boshi.net.pcap,
91jm.com.pcap,
9978.cn.pcap,
998pu.com.pcap,
9ku.com.pcap,
9minecraft.net.pcap,
a10.com.pcap,
a9vg.com.pcap,
aarth.net.pcap,
aastocks.com.pcap,
abadis.ir.pcap,
abante.com.ph.pcap,
abc.gob.ar.pcap,
abc.gov.ar.pcap,
acbar.org.pcap,
accesstrade.ne.jp.pcap,
acestreamchannel.blogspot.com.pcap,
activehosted.com.pcap,
ac-versailles.fr.pcap,
ad.benesse.ne.jp.pcap,
adoptapet.com.pcap,
adorocinema.com.pcap,
adp-checker.ru.pcap,
adro.co.pcap,
ad-score.com.pcap,
aemet.es.pcap,
afamily.vn.pcap,
afi-b.com.pcap,
afip.gob.ar.pcap,
afip.gov.ar.pcap,
afreecatv.com.pcap,
afrtrk.com.pcap,
agar.io.pcap,
agregadorapp.online.pcap,
ahlalhdeeth.com.pcap,
aipai.com.pcap,
airindia.in.pcap,
akb48matomemory.com.pcap,
akhbarak.net.pcap,
akipress.org.pcap,
aksam.com.tr.pcap,
albeu.com.pcap,
alfalfalfa.com.pcap,
alkawthartv.com.pcap,
alleng.org.pcap,
allocine.fr.pcap,
almanar.com.lb.pcap,
almasdar.com.pcap,
almayadeen.net.pcap,
alrajhibank.com.sa.pcap,
alriyadh.com.pcap,
alriyadh.news.pcap,
alsbbora.info.pcap,
alwadifa-maroc.com.pcap,
ammonnews.net.pcap,
ancensored.com.pcap,
anime-sharing.com.pcap,
animeshow.tv.pcap,
ansa.it.pcap,
antpedia.com.pcap,
anysearchmanager.com.pcap,
anzalweb.ir.pcap,
apache.org.pcap,
apexvs.com.pcap,
applica.info.pcap,
appost.in.pcap,
appsimpleonline.com.pcap,
aptoide.com.pcap,
arabic-keyboard.org.pcap,
arabsong.top.pcap,
arbitr.ru.pcap,
archive.is.pcap,
ard.de.pcap,
argentina.gob.ar.pcap,
asiae.co.kr.pcap,
asianfans.net.pcap,
asianwager.com.pcap,
asianwiki.com.pcap,
asmag.com.cn.pcap,
assamcareer.com.pcap,
auction.co.kr.pcap,
au.dk.pcap,
avia.pro.pcap,
aviny.com.pcap,
av.movie.pcap,
avval.ir.pcap,
ay9244.com.pcap,
b2b.partcommunity.com.pcap,
b3.com.br.pcap,
b9good.com.pcap,
babylon.com.pcap,
babytree.com.pcap,
backpage.com.pcap,
baeghtesad.com.pcap,
baidu.com.pcap,
baike369.com.pcap,
baike.com.pcap,
bancadigitalbod.com.pcap,
bancodevenezuela.com.pcap,
banglarbhumi.gov.in.pcap,
banglatribune.com.pcap,
bao315.com.pcap,
baskino.me.pcap,
bbs.ruliweb.com.pcap,
bbvanet.com.mx.pcap,
bci.cl.pcap,
beisbolencuba.com.pcap,
best-hashtags.com.pcap,
beyazperde.com.pcap,
biglinx.net.pcap,
bilasport.net.pcap,
bildirdim.com.pcap,
bilibili.to.pcap,
binary1.website.pcap,
binarymoney.site.pcap,
bing.com.pcap,
bitcoin-farm.org.pcap,
bitfun.co.pcap,
bizrate.com.pcap,
bj.ganji.com.pcap,
black77854.com.pcap,
blaxup.in.pcap,
blockbadads.com.pcap,
blogfa.com.pcap,
blog.ir.pcap,
blog.jp.pcap,
blog.livedoor.com.pcap,
bloter.net.pcap,
bolshoyvopros.ru.pcap,
bombuj.tv.pcap,
bonusbitcoin.co.pcap,
bronav.com.pcap,
browsetoclick.com.pcap,
btbtdy.me.pcap,
btbtt.co.pcap,
btkittyok.co.pcap,
btwifi.co.uk.pcap,
bu.edu.pcap,
burusoku-vip.com.pcap,
businessdictionary.com.pcap,
businesstoday.com.tw.pcap,
businessweekly.com.tw.pcap,
buzzorange.com.pcap,
ca168.com.pcap,
cabelas.com.pcap,
cafesiyaset.com.tr.pcap,
caf.fr.pcap,
caichongwang.com.pcap,
caixa.gov.br.pcap,
capital.sp.gov.br.pcap,
careerqihang.com.pcap,
carrotchou.blog.pcap,
casicloud.com.pcap,
categoriageneral.com.pcap,
cbr.ru.pcap,
cbse.nic.in.pcap,
ccaonline.cn.pcap,
ccb.com.pcap,
cc.com.pcap,
ccidnet.com.pcap,
cctv.com.pcap,
cdek.ru.pcap,
ceair.com.pcap,
ceconline.com.pcap,
centrum.sk.pcap,
chaoxing.com.pcap,
chatango.com.pcap,
cheshi.com.pcap,
chewen.com.pcap,
chinanetrank.com.pcap,
china-trading.jp.pcap,
chinaunix.net.pcap,
chinaz.com.pcap,
chinessmedia.com.pcap,
chomikuj.pl.pcap,
chosun.com.pcap,
cic.gc.ca.pcap,
citationmachine.net.pcap,
citethisforme.com.pcap,
city008.com.pcap,
city-data.com.pcap,
clicktripz.com.pcap,
clipwatching.com.pcap,
cman.jp.pcap,
cmoney.tw.pcap,
cn2che.com.pcap,
cncn.org.cn.pcap,
cnpq.br.pcap,
cnwnews.com.pcap,
codecguide.com.pcap,
codeforces.com.pcap,
col3negoriginal.lk.pcap,
collectively.site.pcap,
collider.com.pcap,
commercego.site.pcap,
compucalitv.com.pcap,
coppermine.org.pcap,
correios.com.br.pcap,
cplusplus.com.pcap,
cps.com.cn.pcap,
cqu.edu.cn.pcap,
creaders.net.pcap,
cr.mufg.jp.pcap,
csair.com.pcap,
cscse.edu.cn.pcap,
css-validator.org.pcap,
ctet.nic.in.pcap,
ctoutiao.com.pcap,
ctrip.com.pcap,
cubadebate.cu.pcap,
cuhk.edu.hk.pcap,
cyberforum.ru.pcap,
cyberspaceandtime.com.pcap,
cyol.com.pcap,
d1net.com.pcap,
d20pfsrd.com.pcap,
dable.io.pcap,
dailynotifications.com.pcap,
dainikamadershomoy.com.pcap,
danawa.com.pcap,
dangdang.com.pcap,
dapenti.com.pcap,
declk.com.pcap,
delbaraneh.com.pcap,
desafiomundial.com.pcap,
desapegacaxias.com.pcap,
design-plus1.com.pcap,
detik.com.pcap,
devanco.com.pcap,
dgtle.com.pcap,
diary.ru.pcap,
dict.cn.pcap,
dim.gov.az.pcap,
disney.go.com.pcap,
dltv.ac.th.pcap,
dm5.com.pcap,
dmhy.org.pcap,
dmm.co.jp.pcap,
dmzj.com.pcap,
dnswebhost.com.pcap,
doc88.com.pcap,
docplayer.com.br.pcap,
docplayer.es.pcap,
docplayer.info.pcap,
docplayer.ru.pcap,
doctissimo.fr.pcap,
dolarhoy.com.pcap,
domains.google.pcap,
dongphim.net.pcap,
doramatv.live.pcap,
doramy.club.pcap,
doublepimp.com.pcap,
douga-getter.com.pcap,
drudgereport.com.pcap,
du.ac.in.pcap,
duba.com.pcap,
duniaku.net.pcap,
dunyanews.tv.pcap,
duomai.com.pcap,
duowan.com.pcap,
dv37.com.pcap,
dxlive.com.pcap,
dxy.cn.pcap,
dynamo.kiev.ua.pcap,
eanswers.com.pcap,
easybib.com.pcap,
easyhindityping.com.pcap,
eatingwell.com.pcap,
ebanksepah.ir.pcap,
ebsi.co.kr.pcap,
echelledejacob.blogspot.com.pcap,
eclipse.org.pcap,
economia.gov.br.pcap,
economist.com.pcap,
ecv360.com.pcap,
edmundsclickverification.com.pcap,
educacionyfp.gob.es.pcap,
educamos.com.pcap,
edupage.org.pcap,
edusite.ru.pcap,
eeworld.com.cn.pcap,
efu.com.cn.pcap,
egov.kz.pcap,
egypt.gov.eg.pcap,
e-hentai.org.pcap,
elblog.com.pcap,
elgenero.com.pcap,
eljur.ru.pcap,
elmogaz.com.pcap,
elvxing.net.pcap,
email.uol.com.br.pcap,
emis.gov.eg.pcap,
ems.com.cn.pcap,
enikos.gr.pcap,
en.snu.ac.kr.pcap,
enuri.com.pcap,
epizy.com.pcap,
eplsite.uk.pcap,
epochtimes.com.pcap,
eposcard.co.jp.pcap,
epost.go.kr.pcap,
epson.com.pcap,
epwk.com.pcap,
eqxiu.com.pcap,
e-reading.club.pcap,
ernet.in.pcap,
eroterest.net.pcap,
err.taobao.com.pcap,
err.tmall.com.pcap,
ethereum.org.pcap,
etnet.com.hk.pcap,
etnews.com.pcap,
etoday.co.kr.pcap,
etoland.co.kr.pcap,
ets.org.pcap,
etudiant.gouv.fr.pcap,
eu.christianlouboutin.com.pcap,
exawarosu.net.pcap,
excelhome.net.pcap,
exclusivenotifications.com.pcap,
exclusivenotifications.online.pcap,
exploader.net.pcap,
explosm.net.pcap,
fanfox.net.pcap,
fanserials.tv.pcap,
fao.org.pcap,
faptitans.com.pcap,
faselhd.co.pcap,
fastandprettysearch.com.pcap,
fatelines.net.pcap,
fazenda.gov.br.pcap,
feed2all.org.pcap,
feiyang.com.pcap,
femina.mk.pcap,
fiba.basketball.pcap,
file2hd.com.pcap,
filecrypt.cc.pcap,
filejo.com.pcap,
filmeserialeonline.org.pcap,
filmitorrent.xyz.pcap,
fipi.ru.pcap,
firestorage.jp.pcap,
firstrowsportes.net.pcap,
fixya.com.pcap,
fjlonfenner.com.pcap,
flibusta.is.pcap,
flightsearchapp.com.pcap,
flytoread.com.pcap,
fnnews.com.pcap,
foodjx.com.pcap,
foodnetwork.co.uk.pcap,
footmercato.net.pcap,
forosecuador.ec.pcap,
forum.gsmhosting.com.pcap,
fpsc.gov.pk.pcap,
frdic.com.pcap,
freejobalert.com.pcap,
freenom.link.pcap,
frekaans.ir.pcap,
fridaysis.com.pcap,
friv.com.pcap,
fr.le360.ma.pcap,
fudan.edu.cn.pcap,
fullerton.edu.pcap,
futbol24.com.pcap,
fwdcdn.com.pcap,
gala.fr.pcap,
gamatotv.co.pcap,
gameblog.fr.pcap,
gameclick.vn.pcap,
game-game.com.ua.pcap,
gamek.vn.pcap,
gameofglam.com.pcap,
gametracker.club.pcap,
gaming-guide-online.com.pcap,
gamovideo.com.pcap,
gamy.jp.pcap,
gangde.net.pcap,
garant.ru.pcap,
garden-cash.net.pcap,
gazzetta.gr.pcap,
gbgame.com.tw.pcap,
gb.viadeo.com.pcap,
gemius.pl.pcap,
gensee.com.pcap,
getemoji.com.pcap,
getnotifications.online.pcap,
gh0089.com.pcap,
ghafla.com.pcap,
ghatreh.com.pcap,
giantitp.com.pcap,
gidfilm.ru.pcap,
gigazine.net.pcap,
global.chinadaily.com.cn.pcap,
global.oup.com.pcap,
globenewswire.com.pcap,
gmarket.co.kr.pcap,
gmw.cn.pcap,
gnu.org.pcap,
go.com.pcap,
gogo.mn.pcap,
gold678.com.pcap,
goldcarpet.cn.pcap,
golden-farm.biz.pcap,
goldesel.to.pcap,
gongkong.com.pcap,
goo-2o.com.pcap,
google.com.ec.pcap,
gounlimited.to.pcap,
gov.cn.pcap,
gov.ro.pcap,
gsshop.com.pcap,
guancha.cn.pcap,
guarrasdelporno.xxx.pcap,
gunes.com.pcap,
gunnepaa.xyz.pcap,
gwinnett.k12.ga.us.pcap,
gxzpw.org.pcap,
gz.fzg360.com.pcap,
h0stream.club.pcap,
h1bb.com.pcap,
haber7.com.pcap,
haberzamani.com.pcap,
hamariweb.com.pcap,
hamavaapp.com.pcap,
hamusoku.com.pcap,
hani.co.kr.pcap,
hao123.com.pcap,
haoliv.com.pcap,
hashtagchatter.com.pcap,
hatelabo.jp.pcap,
hatena.ne.jp.pcap,
hbogeo.cust.footprint.net.pcap,
hentai-foundry.com.pcap,
hexun.com.pcap,
hifi-forum.de.pcap,
hi.gt.pcap,
hihi2.com.pcap,
hikvision.com.pcap,
himado.in.pcap,
himasoku.com.pcap,
hirufm.lk.pcap,
hirunews.lk.pcap,
hi.ru.pcap,
histats.com.pcap,
hitparades.org.pcap,
hlsloader.com.pcap,
hogwats.com.pcap,
home77.com.pcap,
home.myfantasyleague.com.pcap,
hotnews.hk.pcap,
hot-sex-tube.com.pcap,
house365.com.pcap,
housefiles.net.pcap,
hrloo.com.pcap,
hssc.gov.in.pcap,
huanqiu.com.pcap,
hubflixhd.in.pcap,
hugedomains.com.pcap,
humoruniv.com.pcap,
hurriyet.com.tr.pcap,
hyatt.com.pcap,
i2ya.com.pcap,
ibotoolbox.com.pcap,
ichacha.net.pcap,
iconfont.cn.pcap,
idianfa.com.pcap,
ifeng.com.pcap,
i-funbox.com.pcap,
ignou.ac.in.pcap,
ih5.cn.pcap,
iianews.com.pcap,
iitd.ac.in.pcap,
iitk.ac.in.pcap,
ilbe.com.pcap,
ilgiornale.it.pcap,
imagebam.com.pcap,
imageshack.com.pcap,
imagevenue.com.pcap,
imfaceplate.com.pcap,
iminent.com.pcap,
imss.gob.mx.pcap,
imtranslator.net.pcap,
inbox.lv.pcap,
indianbank.net.in.pcap,
indianrailways.gov.in.pcap,
indiatodaygroup.com.pcap,
indiatyping.com.pcap,
indishare.org.pcap,
infd.edu.ar.pcap,
info.com.pcap,
inha.ac.kr.pcap,
instiz.net.pcap,
intercambiosvirtuales.org.pcap,
internetdownloadmanager.com.pcap,
interpark.com.pcap,
inven.co.kr.pcap,
investxaz.online.pcap,
iop.org.pcap,
iranseda.ir.pcap,
iribnews.ir.pcap,
ismedia.jp.pcap,
istar.cn.pcap,
isti.ir.pcap,
istv.com.cn.pcap,
it168.com.pcap,
itavcn.com.pcap,
itesm.mx.pcap,
izly.fr.pcap,
jahannews.com.pcap,
jamejamonline.ir.pcap,
jamnews.com.pcap,
jandan.net.pcap,
java1234.com.pcap,
javhub.net.pcap,
javjunkies.com.pcap,
javtorrent.re.pcap,
jc35.com.pcap,
jcyl.es.pcap,
jeuxvideo.com.pcap,
jiameng.com.pcap,
jia.tmall.com.pcap,
jiayuan.com.pcap,
jiegeng.com.pcap,
jin115.com.pcap,
jjwxc.net.pcap,
jmw.com.cn.pcap,
jo24.net.pcap,
jobcan.jp.pcap,
jobz.pk.pcap,
joinindianarmy.nic.in.pcap,
joqalbania.com.pcap,
jpyoo.com.pcap,
jq22.com.pcap,
jrj.com.cn.pcap,
jsmcrptjmp.com.pcap,
jssc.nic.in.pcap,
jstv.com.pcap,
junbi-tracker.com.pcap,
jxcn.cn.pcap,
jxmall.com.pcap,
kanoon.ir.pcap,
kapitalis.com.pcap,
kar.nic.in.pcap,
kataweb.it.pcap,
kaymopk.com.pcap,
kbs.co.kr.pcap,
kdslife.com.pcap,
kenh14.vn.pcap,
kenstar.com.pcap,
khabarfarsi.com.pcap,
khabarfoori.com.pcap,
khan.co.kr.pcap,
kheimegah.com.pcap,
kindkino.ru.pcap,
kinobar.cc.pcap,
kinogo.cc.pcap,
kinozal.tv.pcap,
kiosko.net.pcap,
kisstvshow.to.pcap,
kissvk.com.pcap,
kmf.com.pcap,
kmib.co.kr.pcap,
kooora4live.com.pcap,
korea.ac.kr.pcap,
koreatimes.co.kr.pcap,
kproxy.com.pcap,
kroobannok.com.pcap,
kshow123.net.pcap,
kugou.com.pcap,
kuke.com.pcap,
kulichki.net.pcap,
kyobobook.co.kr.pcap,
ladbible.com.pcap,
ladsup.com.pcap,
laizquierdadiario.com.pcap,
lakvisontv.info.pcap,
lamabang.com.pcap,
lamafilm.club.pcap,
lamiareport.gr.pcap,
lankadeepa.lk.pcap,
lanzous.com.pcap,
larati.net.pcap,
lefigaro.fr.pcap,
lelang.ru.pcap,
lequipe.fr.pcap,
leroymerlin.es.pcap,
letpub.com.cn.pcap,
licindia.in.pcap,
liecheng.cn.pcap,
link-a.net.pcap,
liqu.com.pcap,
literotica.com.pcap,
live24.gr.pcap,
livebasketball.tv.pcap,
livedoor.com.pcap,
livehd7.com.pcap,
livescores.com.pcap,
loboclick.com.pcap,
lodynet.tv.pcap,
lookae.com.pcap,
lordsfilms.tv.pcap,
lostfilm.tv.pcap,
lotte.com.pcap,
lotteimall.com.pcap,
loveread.ec.pcap,
lpg02.com.pcap,
lubimyczytac.pl.pcap,
lun.com.pcap,
mafengwo.cn.pcap,
makeleio.gr.pcap,
making-money-online.info.pcap,
mangoerp.com.pcap,
maplestage.com.pcap,
marketgameland.com.pcap,
mathxl.com.pcap,
maxifoot.fr.pcap,
mazii.net.pcap,
mb.com.ph.pcap,
mecd.gob.es.pcap,
mec.gov.br.pcap,
mediacategory.com.pcap,
media-dl.co.pcap,
medic-informator-c.ru.pcap,
medonet.pl.pcap,
mega-mult.ru.pcap,
megatorrentshd.org.pcap,
meghdadit.com.pcap,
mellimovies.com.pcap,
mellowads.com.pcap,
mentalfloss.com.pcap,
mercadolibre.com.pcap,
metagmae.org.pcap,
meteociel.fr.pcap,
meteofrance.com.pcap,
meteo.gr.pcap,
meteo.pl.pcap,
mfisp.com.pcap,
mhometheater.com.pcap,
mhrdnats.gov.in.pcap,
miaopai.com.pcap,
mido-rin.com.pcap,
miercn.com.pcap,
mihanblog.com.pcap,
military38.com.pcap,
milliyet.com.tr.pcap,
minions-farm.biz.pcap,
minnstate.edu.pcap,
miui.com.pcap,
mixerino.ru.pcap,
mk.co.kr.pcap,
mobile.free.fr.pcap,
mobinnet.ir.pcap,
modernweekly.com.pcap,
modthesims.info.pcap,
moe.gov.eg.pcap,
moe.gov.om.pcap,
mojifen.com.pcap,
mokahr.com.pcap,
monegle.com.pcap,
money-banks.com.pcap,
moondash.co.in.pcap,
moondoge.co.in.pcap,
moonliteco.in.pcap,
moppy.jp.pcap,
moscow.megafon.ru.pcap,
mov.com.tw.pcap,
movie-box.online.pcap,
movieswatchonline.com.pk.pcap,
mp.gov.in.pcap,
mponline.gov.in.pcap,
mskobr.ru.pcap,
msn.cn.pcap,
msn.com.pcap,
mtime.com.pcap,
mtv.com.pcap,
multicarta.ru.pcap,
mustit.co.kr.pcap,
myanmarload.com.pcap,
mydrivers.com.pcap,
myegy.xyz.pcap,
mygoodstream.pw.pcap,
mygully.com.pcap,
mylittledatacenter.com.pcap,
myrosmol.ru.pcap,
mysearch.com.pcap,
myshared.ru.pcap,
mysqltutorial.org.pcap,
myzcloud.me.pcap,
namnak.com.pcap,
nanime.tv.pcap,
narch-news1.club.pcap,
nash-dom2.su.pcap,
nate.com.pcap,
nature.com.pcap,
navarra.es.pcap,
navigo.fr.pcap,
ncert.nic.in.pcap,
nec-lavie.jp.pcap,
netease.com.pcap,
netmarble.com.pcap,
netvasco.com.br.pcap,
networksolutionsemail.com.pcap,
new.cac.gov.ng.pcap,
newpost.gr.pcap,
news18a.com.pcap,
news-24h.ru.pcap,
news-fancy.com.pcap,
newsis.com.pcap,
news.todaysharing.com.pcap,
nga.cn.pcap,
nhis.or.kr.pcap,
ni096.com.pcap,
nic.ir.pcap,
ninjajournalist.com.pcap,
nipic.com.pcap,
nitroflare.com.pcap,
nnmclub.to.pcap,
noelshack.com.pcap,
nooredu.com.pcap,
nsfc.gov.cn.pcap,
ntvbd.com.pcap,
nullrefer.com.pcap,
nuomi.com.pcap,
nus.edu.sg.pcap,
nymag.com.pcap,
o2tvseries.com.pcap,
oeeee.com.pcap,
officedepot.com.pcap,
ohmynews.com.pcap,
okaynews.me.pcap,
oktech.club.pcap,
oliveyoung.co.kr.pcap,
oload.vip.pcap,
olx.uz.pcap,
onlinedown.net.pcap,
online-red.com.pcap,
ontvtime.ru.pcap,
openload.watch.pcap,
openoffice.org.pcap,
opensubtitles.org.pcap,
osvita.ua.pcap,
osym.gov.tr.pcap,
otnolatrnup.com.pcap,
otzovik.com.pcap,
ouo.press.pcap,
ournewstoday.com.pcap,
outsidetv.com.pcap,
ovh.net.pcap,
owata-net.com.pcap,
ox.ac.uk.pcap,
padssup.com.pcap,
paheal.net.pcap,
palermotoday.it.pcap,
pandora.tv.pcap,
panet.co.il.pcap,
panorama.com.al.pcap,
pantip.com.pcap,
parcelsapp.com.pcap,
parsnaz.com.pcap,
parstoday.com.pcap,
pasion.com.pcap,
paultan.org.pcap,
pearsoncmg.com.pcap,
pedsovet.su.pcap,
pelisplus.co.pcap,
people.com.cn.pcap,
perfectgirls.net.pcap,
perfectmoney.is.pcap,
personal-oem-selling.com.pcap,
perueduca.pe.pcap,
picdeer.org.pcap,
pichincha.com.pcap,
picofile.com.pcap,
piranya.com.pcap,
pirlotvhd.online.pcap,
planetsuzy.org.pcap,
pluspng.com.pcap,
po-kaki-to.com.pcap,
pokemon.com.pcap,
pooq.co.kr.pcap,
pornbb.org.pcap,
pornhdvideos.net.pcap,
porno365.blog.pcap,
pornovideoshub.com.pcap,
portal.estacio.br.pcap,
postfun.com.pcap,
post.ir.pcap,
pozdravok.ru.pcap,
poznan.pl.pcap,
ppomppu.co.kr.pcap,
ppsc.gop.pk.pcap,
pptv.com.pcap,
ppy.sh.pcap,
pravoslavie.ru.pcap,
pretty52.com.pcap,
priberam.org.pcap,
prioritynotifications.com.pcap,
privalia.com.pcap,
promiedos.com.ar.pcap,
pronotifications.online.pcap,
protect-your-privacy.net.pcap,
proxyof.com.pcap,
ptcnovin.com.pcap,
pts.org.pk.pcap,
pu.edu.pk.pcap,
pupolita.ru.pcap,
pusan.ac.kr.pcap,
qafqazinfo.az.pcap,
qaru.site.pcap,
qaynarinfo.az.pcap,
qeqeqe.com.pcap,
qhdsny.com.pcap,
qianx6.com.pcap,
qibefi.xyz.pcap,
qingzhiliangpin.com.pcap,
qiumei.cn.pcap,
qle-es.com.pcap,
qoolg.com.pcap,
quicklaunchsso.com.pcap,
quotidiani.gelocal.it.pcap,
rabobank.nl.pcap,
radiko.jp.pcap,
radiorecord.ru.pcap,
rainews.it.pcap,
rajasthan.gov.in.pcap,
raj.nic.in.pcap,
rakyatku.com.pcap,
ratopati.com.pcap,
rbcroyalbank.com.pcap,
readmanga.me.pcap,
realtime-chart.info.pcap,
recivenotifications.com.pcap,
recivenotifications.online.pcap,
record.com.mx.pcap,
redalyc.org.pcap,
redirect2719.ws.pcap,
refinancegold.com.pcap,
reklama5.mk.pcap,
related-keywords.com.pcap,
relax2play.com.pcap,
renfe.com.pcap,
renren.com.pcap,
ren.tv.pcap,
resmigazete.gov.tr.pcap,
reverso.net.pcap,
rexpelis.com.pcap,
rfi.fr.pcap,
rockybay.com.pcap,
roozno.com.pcap,
rosinfonews.ru.pcap,
rozblog.com.pcap,
rpgmasterleague.com.pcap,
rpgmasteronline.com.pcap,
r-project.org.pcap,
rssing.com.pcap,
rtbravo.com.pcap,
rtfilmes.com.pcap,
rtp.pt.pcap,
ruanyifeng.com.pcap,
rubserf.ru.pcap,
rufus.ie.pcap,
runewslenta.com.pcap,
runoob.com.pcap,
ruralvia.com.pcap,
russia.tv.pcap,
rusvidos.com.pcap,
rutor.info.pcap,
ruvi.tv.pcap,
rzd.ru.pcap,
sabangnet.co.kr.pcap,
sabavision.com.pcap,
sabay.com.kh.pcap,
safefinder.com.pcap,
s-ajfan.com.pcap,
salonboard.com.pcap,
samplicio.us.pcap,
sandelirion.com.pcap,
sanjesh.org.pcap,
santabanta.com.pcap,
santafe.gob.ar.pcap,
sapo.ao.pcap,
sarkarinaukridaily.in.pcap,
sat24.com.pcap,
saude.gov.br.pcap,
sawaleif.com.pcap,
scielo.br.pcap,
scielo.org.mx.pcap,
sciencenet.cn.pcap,
sci-hub.tw.pcap,
scirp.org.pcap,
scotiabank.cl.pcap,
seaofads.com.pcap,
searchfort.online.pcap,
seasonvar.ru.pcap,
sebrae.com.br.pcap,
segye.com.pcap,
senasofiaplus.edu.co.pcap,
senler.ru.pcap,
sensacine.com.pcap,
seocheki.net.pcap,
sep.gob.mx.pcap,
serienjunkies.org.pcap,
sgk.gov.tr.pcap,
shabakaty.com.pcap,
shabdkosh.com.pcap,
shadbase.com.pcap,
shanghuiwangluo.com.pcap,
share-games.com.pcap,
share-online.biz.pcap,
shatel.ir.pcap,
shiftdelete.net.pcap,
shiyongjiao.cn.pcap,
shopclues.com.pcap,
simayeaval.com.pcap,
sincorechan.ru.pcap,
sinogoodies.hk.pcap,
siren24.com.pcap,
sjsu.edu.pcap,
skai.gr.pcap,
skiplagged.com.pcap,
skycn.com.pcap,
slideplayer.com.br.pcap,
slideplayer.com.pcap,
slideplayer.es.pcap,
slideplayer.info.pcap,
slither.io.pcap,
slrclub.com.pcap,
smadav.net.pcap,
smbc-comics.com.pcap,
smk.edu.kz.pcap,
s-money.fr.pcap,
socar.az.pcap,
softcatalog.info.pcap,
softschools.com.pcap,
sohu.com.pcap,
somoynews.tv.pcap,
sonhoo.com.pcap,
sonyliv.com.pcap,
soobbs.com.pcap,
soq9.com.pcap,
soso.com.pcap,
southcn.com.pcap,
sparknotes.com.pcap,
spletnik.ru.pcap,
sportbible.com.pcap,
sportdog.gr.pcap,
sport-fm.gr.pcap,
sport.pl.pcap,
sports24.club.pcap,
sportstream.biz.pcap,
spotscenered.info.pcap,
srbiau.ac.ir.pcap,
srchmgrk.com.pcap,
ssg.com.pcap,
st001.com.pcap,
star.com.tr.pcap,
startribune.com.pcap,
state.nj.us.pcap,
static.retty.me.pcap,
storiespace.com.pcap,
stps.gob.mx.pcap,
streamplay.to.pcap,
streams.tv.pcap,
stumbleupon.com.pcap,
subscene.xyz.pcap,
success-is-in-reach.com.pcap,
sunoticiero.com.pcap,
supercoloring.com.pcap,
superligafutbol.com.pcap,
surviv.io.pcap,
sveta-obman-net.ru.pcap,
sw2008.com.pcap,
syosetu.com.pcap,
t66y.com.pcap,
tahiamasr.com.pcap,
taimienphi.vn.pcap,
talab.org.pcap,
tamilgun.be.pcap,
tamilrockers.ws.pcap,
tamilyogi.vip.pcap,
tanweb.net.pcap,
taosf.com.pcap,
tapsell.ir.pcap,
taroot-rangi.com.pcap,
tatarstan.ru.pcap,
tcafe2a.com.pcap,
tcl.fr.pcap,
teaser.bz.pcap,
tebyan.net.pcap,
technispot.com.pcap,
teenee.com.pcap,
teleserye.su.pcap,
teletalk.com.bd.pcap,
tellerium.com.pcap,
te-palvelut.fi.pcap,
teraplot.net.pcap,
tff.org.pcap,
tgbus.com.pcap,
tgju.org.pcap,
theconversation.com.pcap,
thecut.com.pcap,
thedoctopdf.com.pcap,
thefappeningblog.com.pcap,
thefappening.pro.pcap,
thestival.gr.pcap,
tianya.cn.pcap,
tilda.ws.pcap,
timeoutcn.com.pcap,
tipobet0923.com.pcap,
tirechina.net.pcap,
tiyu68.com.pcap,
tjsp.jus.br.pcap,
tnews.ir.pcap,
to8to.com.pcap,
todayhumor.co.kr.pcap,
tokyoplus.jp.pcap,
tongtool.com.pcap,
toolur.com.pcap,
topnotifications.online.pcap,
torob.com.pcap,
totaljerkface.com.pcap,
toxicwap.com.pcap,
treccani.it.pcap,
trendingnow.video.pcap,
tripod.lycos.com.pcap,
trontv.com.pcap,
trueplookpanya.com.pcap,
tsetmc.com.pcap,
tsite.jp.pcap,
ttt4.com.pcap,
ttzmz.vip.pcap,
tubidyindirme.xyz.pcap,
tuniu.com.pcap,
tupaki.com.pcap,
turkseason.com.pcap,
tusciaweb.eu.pcap,
tvanimemuryoudouga.com.pcap,
tvb.com.pcap,
tving.com.pcap,
tvp.pl.pcap,
tvsubtitles.net.pcap,
twittervideodownloader.com.pcap,
u17.com.pcap,
uam.es.pcap,
ucla.edu.pcap,
ucoz.net.pcap,
uct.ac.za.pcap,
udesk.cn.pcap,
udg.mx.pcap,
ufl.edu.pcap,
ufreegames.com.pcap,
ufrgs.br.pcap,
ufsc.br.pcap,
uh.edu.pcap,
uisdc.com.pcap,
uk.mikecrm.com.pcap,
ukr.net.pcap,
ummy.net.pcap,
ums.ac.id.pcap,
underarmour.co.uk.pcap,
unistra.fr.pcap,
unm.edu.pcap,
uob.com.sg.pcap,
uobgroup.com.pcap,
updateplayer.to.pcap,
upera.shop.pcap,
up.gov.in.pcap,
upi.edu.pcap,
uploaded.net.pcap,
uplus.co.kr.pcap,
up.nic.in.pcap,
uppom.live.pcap,
ups.surveyrouter.com.pcap,
usp.br.pcap,
ustc.edu.cn.pcap,
ustraveldocs.com.pcap,
uzi-web.com.pcap,
vajehyab.com.pcap,
validate.perfdrive.com.pcap,
vccs.edu.pcap,
vegasinsider.com.pcap,
veporns.com.pcap,
verifyclicksolutions.com.pcap,
verycd.com.pcap,
vesti.ru.pcap,
vfxdownload.com.pcap,
video.az.pcap,
video-dom2.ru.pcap,
videolan.org.pcap,
videolucah.mobi.pcap,
videosporno.br.com.pcap,
videowow.tv.pcap,
vidstream.to.pcap,
viipdbd.com.pcap,
viipdbv.com.pcap,
viks.fm.pcap,
visionias.in.pcap,
visitbeijing.com.cn.pcap,
vodafone.com.tr.pcap,
vppgamingnetwork.com.pcap,
vseigru.net.pcap,
vu.edu.pk.pcap,
vulture.com.pcap,
w3.org.pcap,
wa.gov.pcap,
wanfangdata.com.cn.pcap,
washington.edu.pcap,
watchmygirlfriend.tv.pcap,
wbamedia.com.pcap,
weathernews.jp.pcap,
webassign.net.pcap,
webcrawler.com.pcap,
webflow.io.pcap,
web-hosting.com.pcap,
web.mit.edu.pcap,
web.peanutlabs.com.pcap,
websiteforever.com.pcap,
websiteoutlook.com.pcap,
wellbc6.website.pcap,
wenxuecity.com.pcap,
westelm.co.uk.pcap,
whatculture.com.pcap,
whatschrome.org.pcap,
wideads.com.pcap,
wikidot.com.pcap,
wikimapia.org.pcap,
wikiwand.com.pcap,
win007.com.pcap,
wines-info.com.pcap,
win-phone-23.com.pcap,
withoutworking.com.pcap,
wits.ac.za.pcap,
wjyt-china.org.pcap,
wmxa.cn.pcap,
wolfram.com.pcap,
woman.ru.pcap,
work.go.kr.pcap,
worldpopulationreview.com.pcap,
worldsubtitle.us.pcap,
woshipm.com.pcap,
wowkorea.jp.pcap,
wto168.net.pcap,
wvw.simp3s.net.pcap,
ww38.kiwsy.com.hk.pcap,
ww5.447651.com.pcap,
ww.cima4up.co.pcap,
ww.cima4u.tv.pcap,
www11.eyny.com.pcap,
www1.icdrama.to.pcap,
www2.fastdrama.me.pcap,
ww.xitek.com.pcap,
wyborcza.pl.pcap,
xabbs.com.pcap,
xdf.cn.pcap,
xender.com.pcap,
x-film.me.pcap,
xiaomi.cn.pcap,
xinhuanet.com.pcap,
xittv.net.pcap,
xjtour.com.pcap,
xmzms.club.pcap,
xnqb.com.pcap,
xsrv.jp.pcap,
xtec.gencat.cat.pcap,
xuexila.com.pcap,
xvideos10.blog.br.pcap,
xxinn887.com.pcap,
yahoo-mbga.jp.pcap,
yalla-shoot.com.pcap,
yangkeduo.com.pcap,
yao.tmall.com.pcap,
yaplakal.com.pcap,
yasour.org.pcap,
yeniakit.com.tr.pcap,
yes24.com.pcap,
yesky.com.pcap,
yhdm.tv.pcap,
yijiadh.com.pcap,
yingjiesheng.com.pcap,
ymobile.jp.pcap,
yorku.ca.pcap,
youboy.com.pcap,
youdao.com.pcap,
yourarticlelibrary.com.pcap,
youth.cn.pcap,
youyouku8.com.pcap,
yungching.com.tw.pcap,
yyetss.com.pcap,
zakerin.ir.pcap,
zakupki.gov.ru.pcap,
zamijowida.tk.pcap,
zaycev.net.pcap,
zbwg.cc.pcap,
zerozero.pt.pcap,
zhan.com.pcap,
zhangyu.tv.pcap,
zhaoshangbao.com.pcap,
zhaoshang.net.pcap,
zhibo8.cc.pcap,
zhibo.tv.pcap,
zhiding.cn.pcap,
zhiye.com.pcap,
zhougongjiemeng.in.pcap,
zhuixinfan.com.pcap,
ziare.com.pcap,
zimbio.com.pcap,
zmz2019.com.pcap,
zopbuy.com.pcap,
zum.com.pcap,
zxart.cn.pcap,
zybang.com.pcap,